Episode,Reward,Round,Accuracy
0,-1.7414262079472986,2,0.5625
1,-1.6271883230442712,2,0.6329
